{"N": 1000, "J": 2, "tau": 429.64806451182017, "neff": 1489.5912558740104, "time": 0.0009598108067376805, "direct_time": 0.08829589860064777, "nwalkers": 32, "nburn": 10000, "nsteps": 30000, "ndim": 13}