{"N": 1000, "J": 2, "tau": 420.8396358407395, "neff": 1140.5769778340195, "time": 0.0009410271039980996, "direct_time": 0.08272525949994036, "nwalkers": 32, "nburn": 5000, "nsteps": 15000, "ndim": 13}