{"N": 1440, "tau": 287.532719874686, "neff": 1669.3752287016105, "time": 0.0016866345772868952, "direct_time": 0.788459125571535}