{"N": 6950, "tau": 85.81055345178127, "neff": 1864.5725212564596, "time": 0.0022496609285839702, "direct_time": 8.051329954431692}