{"N": 6950, "tau": 99.14954276143962, "neff": 1613.7240328477421, "time": 0.0014672076442844367, "direct_time": 6.32880209385933}