{"N": 6950, "tau": 14.440521199147687, "neff": 4431.9729958069265, "time": 0.0021192860885639675, "direct_time": 9.232540598573646}