{"N": 1000, "tau": 379.6047982357827, "neff": 842.9819683186391, "time": 0.0009471481528578027, "direct_time": 0.07469332738546654}