{"N": 6950, "tau": 44.588737018690054, "neff": 3588.350123775283, "time": 0.0014431115499714258, "direct_time": 7.28963437756881, "nwalkers": 32, "nburn": 500, "nsteps": 5000}