{"N": 6950, "J": 2, "tau": 56.042463407626926, "neff": 2854.9779983123526, "time": 0.0013489002960018948, "direct_time": 7.239884530429014, "nwalkers": 32, "nburn": 500, "nsteps": 5000, "ndim": 4}