{"N": 6950, "J": 2, "tau": 55.18136926348241, "neff": 2899.529354482398, "time": 0.0014703070121384891, "direct_time": 8.119112173569322, "nwalkers": 32, "nburn": 500, "nsteps": 5000, "ndim": 4}