{"N": 6950, "J": 2, "tau": 44.37487360657531, "neff": 3605.6440727820295, "time": 0.0014579126832873694, "direct_time": 7.351707198141542, "nwalkers": 32, "nburn": 500, "nsteps": 5000, "ndim": 4}