{"N": 1440, "tau": 332.5937686672931, "neff": 1443.2020236679878, "time": 0.002406028895701248, "direct_time": 0.907780784431712, "nwalkers": 32, "nburn": 5000, "nsteps": 15000}