{"N": 1440, "tau": 332.5937686672931, "neff": 1443.2020236679878, "time": 0.0016196762067120288, "direct_time": 0.7784339242831005, "nwalkers": 32, "nburn": 5000, "nsteps": 15000}