{"N": 200, "tau": 36.84899977306108, "neff": 1736.8178347893174, "time": 0.0002607217359992709, "direct_time": 0.002845731645731056, "nwalkers": 32, "nburn": 500, "nsteps": 2000}