{"N": 100, "J": 2, "tau": 56.425040776826194, "neff": 1134.248183410881, "time": 0.0003648259138551241, "direct_time": 0.0006667056940038623, "nwalkers": 32, "ndim": 4, "nburn": 500, "nsteps": 2000}