{"N": 1440, "J": 8, "tau": 211.63870270193834, "neff": 2268.016170350508, "time": 0.0038186952728470453, "direct_time": 0.7119089547174683, "nwalkers": 32, "nburn": 5000, "nsteps": 15000, "ndim": 9}