{"N": 1440, "J": 8, "tau": 332.5937686672931, "neff": 1443.2020236679878, "time": 0.0027395375314102108, "direct_time": 0.8289291627172913, "nwalkers": 32, "nburn": 5000, "nsteps": 15000, "ndim": 9}