{"N": 200, "tau": 39.94786131336341, "neff": 1602.0882694561333, "time": 0.0002207017771434039, "direct_time": 0.0036459176171358973, "nwalkers": 32, "nburn": 500, "nsteps": 2000}