{"N": 100, "tau": 55.13762208421845, "neff": 1160.7319572513475, "time": 0.0003424380674280526, "direct_time": 0.0006429911929995537}